Year,Predicted_Waste
2025,19303497.79134848
2026,19544122.190039616
2027,19781569.700699113
2028,20015882.26677751
2029,20247101.27795921
